product_id,title
99,Kingston 8Gb 2666Mhz Ddr4 Non-Ecc Cl19 Sodımm 1Rx16
4,4 Gb Ddr3 1600 Twınmos 1.35 Cl11 Nb Mdd3l4gb1600n
136,Samsung 4Gb Ddr4 3200Mhz M471a5244cb0-Cwe Uyumlu
193,Xpg 16Gb Ddr5 6000Mhz Cl30 Rgb Pc Ram Lancer Ax5u6000c3016g-Clarbk
264,Karcher Sc 3 Easyfix Buharlı Temizlik Makinesi
153,Samsung M471b1g73qh0-Yk0 8 Gb Ddr3 1600 Mhz Pc3l C11 Notebook Ram
70,Twinmos Mdd3l8gb1600n 8Gb Ddr3 1600Mhz Cl11 Notebook Bellek
192,Xpg 16Gb Ddr5 6000Mhz Cl30 Rgb Pc Ram Lancer Ax5u6000c3016g-Clarbk
135,Samsung 4Gb Ddr4 3200Mhz Cl22 Notebook Ram M471a5244cb0-Cwe
213,Karcher Sc 4 Deluxe Buharlı Temizleyici
218,Karcher Sc 4 Easyfix 2000 W Buharlı Temizleyici
172,Sk Hynix Hma851s6djr6n-Vk 4Gb 1Rx16 Ddr4 Pc4-21300 2666Mhz 260-Pin Non-Ecc Cl19 1.2V Notebook Ram Bellek
113,M386b4g70bm0-Yh90q Samsung 32Gb Pc3-10600 Ddr3-1333Mhz Ecc Registered Cl9 240-Pin Dımm 1.35V Low Server Ram Bellek
1,Twınmos 4 Gb Ddr3 1600 1.35 Cl11 Nb Mdd3l4gb1600n
36,4Gb Kutulu Ddr3 1600Mhz Hlv-Pc12800d3-4G Hı-Level
83,Twınmos 8Gb Ddr3 1600Mhz Pc Ram Value Mdd38gb1600d 1.5V
34,4Gb Kutulu Ddr3 1600Mhz Hlv-Pc12800d3-4G Hı-Level
201,Altus Al-738 B El Blender Set
268,Karcher Sc 3 Easyfix Buharlı Temizlik Makinesi
40,Hi-Level 4Gb 2133Mhz Ddr4 Pc17066d4-4G Samsung Chipli Ram
102,Kingston Sisteme Özel 32Gb Ddr4 3200Mhz Notebook Rami
235,Karcher Sc 4 Easyfix Buharlı Temizleyici
202,Al-738 B El Blender Set
190,Adata Ax4u36008g18ı-Sbkd35 8Gb 3600Mhz Ddr4 Xpg Gammıx D35 Black Pc Bellek
237,Karcher Sc 4 Easyfix Buharlı Temizlik Makinesi
14,Hi-Level  4Gb Ddr4 2666Mhz Sodımm 1.2V Hlv-Sopc21300d4/4G
216,Karcher Sc 4 Deluxe Buharlı Temizlik Makinesi
57,Twinmos Mdd3l8gb1600d 8 Gb Ddr3 1600 Mhz Cl11 Pc Ram
15,Hı-Level 4Gb Ddr3 1333Mhz Hlv-Pc10600d3-4G
54,Kingston Kvr16ls11/8 8 Gb Ddr3l 1600 Mhz Sodımm Notebook Ram
208,Altus Alsm 739 B Beyaz Rendeli Blender Seti
17,4Gb Kutulu Ddr3 1333Mhz Hlv-Pc10600d3-4G Hı-Level
73,Twınmos 8Gb Ddr3 1600 Mhz Cl11 Notebook Ram Mdd3l8gb1600n 1.35Volt (Low Voltage)
174,Team 32Gb Ddr5 4800Mhz Cl40 Dual Kıt Notebook Ram Ted532g4800c40d-S01
146,Samsung M471a1k43cb1-Ctd 8 Gb Ddr4 2666 Mhz Cl19 Bellek
204,Altus Al 739 Beyaz 1000 Watt Blender Seti
179,Transcend 2Gb Ddr2 800Mhz Cl6 Notebook Belleği
262,Karcher Sc 3 Easyfix Buharlı Temizlik Makinesi
194,Xpg Lancer Rgb Ax5u6000c3016g-Clarbk  16Gb Ddr5 6000Mhz Cl30 Masaüstü Bellek
86,Kingston 8Gb Ddr3 1600Mhz Cl11 1.35V Kvr16ln11/8Wp
267,Karcher Sc 3 Easyfix Buharlı Temizlik Makinesi
53,Kingston Kvr16ls11/8 8 Gb Ddr3l 1600 Mhz Sodımm Notebook Ram
92,Twinmos Mdd38gb1600n 8 Gb Ddr3 1600 Mhz Cl11 1.5V Notebook Ram
217,Karcher Sc 4 Deluxe Buharlı Temizleyici
65,Twinmos 8Gb Ddr3 1600Mhz Cl16 1.35V Low Volt.mdd3l8gb1600n Notebook Ram
131,Samsung   16Gb 3200Mhz Ddr4 Bulk M471a2k43eb1-Cwe Notebook Ram
38,4Gb Kutulu Ddr3 1600Mhz Hlv-Pc12800d3-4G Hı-Level
127,"Primecom 8Gb Ddr3 1600Mhz Pc Ram 1,35V (Model:pcr-D38g16m)"
198,128Mb Rdram Pc800..  Rd Ram..
265,Karcher Sc 3 Easyfıx 1900 W Buharlı Temizleyici - Beyaz
159,Samsung   M471b5173eb0-Yk0 4Gb Ddr3 1600 Mhz Sodımm Notebook Bellek Kutusuz
147,Samsung M471b1g73bh0-Yk0 8Gb Pc3l Ddr3l 12800S 1600 Mhz 1.35 V Notebook Ram
161,Samsung M471b5173qh0-Yk0 4Gb Ddr3 1600 Mhz Cl11 Notebook Ram
42,4Gb Kutulu Ddr4 2133Mhz Hlv-Pc17066d4-4G Hı-Level
219,Karcher Sc 4 Easyfix Buharlı Temizleyici
119,Micron 32Gb Ddr4 3200Mhz Cl22 Rdımm 2Rx4 Ecc Server Sunucu Ram Mta36asf4g72pz-3G2e7tı
45,4Gb Kutulu Ddr4 2133Mhz Hlv-Pc17066d4-4G Hı-Level
30,Hi-Level 4Gb 1600Mhz Ddr3 Pc12800d3-4G Kutulu Pc Ram
110,Lexar 32Gb Ddr4 3200Mhz Cl22 Pc Ram Value Ld4au032g-B3200gsst
61,Twinmos Mdd3l8gb1600d 8Gb Ddr3 1600Mhz Cl11 Masaüstü Bellek
27,Hı-Level 4Gb Kutulu Ddr3 1600Mhz Hlv-Pc12800d3-4G
231,Karcher Sc 4 Easyfix Buharlı Temizleyici
180,Transcend 4Gb Ddr3 1333Mhz Cl9 Masaüstü Belleği
9,Twinmos 4 Gb Ddr3 1600 1.5 Nb Mdd34gb1600n
138,Samsung   4Gb Ddr4 3200Mhz Cl22 Notebook Ram (M471a5244cb0-Cwe) (Kutusuz) (1.2V)
50,Kingston 8Gb 1600 Ddr3l Kvr16ls11/8Wp (Nb)
100,Kingston Kvr24n17s8/8 Value 8 Gb Ddr4 2400 Mhz Pc Ram
68,Twinmos 8Gb Ddr3 1600Mhz Cl16 1.35V Low Volt.mdd3l8gb1600n Notebook Ram
31,4Gb Kutulu Ddr3 1600Mhz Hlv-Pc12800d3-4G Hı-Level
109,Lexar Ld4au016g-B3200gsst 16Gb Ddr4 3200Mhz Cl22 Masaüstü Bellek
98,Kingston 8Gb 2666Mhz Ddr4 Non-Ecc Cl19 Dımm 1Rx16
221,Karcher Sc 4 Easyfix Buharlı Temizleyici
117,Micron 4Gb Ram Ddr4 Mta4atf51264hz-2G6e3 So Dımm 2666Mhz Pc4-2666V-S 260 Notebook Ram Bellek
25,Hı-Level  4Gb 1333Mhz Ddr3 Pc Ram Hlv-Pc10600d3-4G Kutulu
69,Twinmos 8 Gb Ddr3 1600 1.35 Nb Mdd3l8gb1600n
148,Samsung   8Gb Ddr3l 1600 Mhz Notebook Ram Bellek - M471b1g73bh0-Yk0 - 1.35V
96,Kingston Kvr26n19s8/8 8Gb Ddr4 2666Mhz Cl19 Masaüstü Bellek
225,Karcher Sc 4 Easyfix Buharlı Temizleyici
16,Hı-Level 4Gb Ddr3 1333Mhz Pc Ram Value Hlv-Pc10600d3/4G
48,Kingston Kvr16ls11/8 8 Gb Ddr3l 1600 Mhz Cl11 Notebook Ram
72,Twınmos 8Gb Ddr3 1600 Mhz Cl11 Notebook Ram Mdd3l8gb1600n 1.35Volt (Low Voltage)
144,Samsung M393b5273dh0-Yh9 4Gb Ddr3 1333 Mhz 10600R Sunucu Ecc Ram
114,M391b5173qh0-Ck0 Samsung 4Gb Pc3-12800 Ddr3-1600Mhz Ecc Unbuffered Cl11 240-Pin Dımm Server Ram Bellek
39,Hi-Level Hlv-Pc12800d3/4G 4Gb Ddr3 1600Mhz Cl11 Masaüstü Bellek
129,Samsung   16Gb 3200Mhz Ddr4 Sodımm Cl22 1.2V (M471a2k43eb1-Cwe)
111,Lexar Ld4au032g-B3200gsst 32Gb Ddr4 3200Mhz Cl22 Masaüstü Bellek
158,Samsung   M471b5173db0-Yk0 4 Gb Ddr3 1600 Mhz Cl11 Notebook Bellek
257,Karcher Sc 3 Deluxe Anniversary Edition Buharlı Temizleyici
149,Samsung   M471b1g73bh0-Yk0 8Gb Pc3l Ddr3l 12800S 1600 Mhz 1.35 V Notebook Ram
107,Lexar 16Gb Ddr4 3200 Mhz Udımm Ld4au016g-B3200gsst Pc Ram
95,Twinmos Mdd38gb1600n 12800S 8 Gb Ddr3 1600 Mhz Cl11 Notebook Ram
163,Samsung   M471b5273dh0-Ch9 4 Gb 2Rx8 Pc3-10600S-09-11-F3 1333 Mhz 1.5 V Notebook Ram
41,4Gb Kutulu Ddr4 2133Mhz Hlv-Pc17066d4-4G Hı-Level
105,"Lenovo 8Gb Truddr4 2133Mhz (1Rx4, 1.2V) Pc4-17000 (Cl15 (46W0788)"
167,Samsung Samso3200/8 8Gb 3200Mhz Ddr4 Notebook Ram
47,4Gb Kutulu Ddr4 2133Mhz Hlv-Pc17066d4-4G Hı-Level
134,Samsung 4 Gb 3200Mhz Ddr4 1.2V M471a5244cb0-Cwe Kutusuz Notebook Ram
29,4Gb Kutulu Ddr3 1600Mhz Hlv-Pc12800d3-4G Hı-Level
91,8 Gb Ddr3 1600 Twınmos 1.5 Nb Mdd38gb1600n
188,Adata Ax4u32008g16a-Sbkd35 8Gb 3200Mhz Ddr4 Xpg Gammıx D35 Black Pc Bellek
132,Samsung M471a2k43eb1-Cwe 16 Gb Ddr4 3200 Mhz Cl22 Notebook Ram
243,Karcher Sc-4 Easyfıx *Eu Beyaz Buharlı Temizlik Makinesi
183,Xpg 16Gb Ddr4 3200Mhz Cl16 Pc Ram Gammıx D35 Ax4u320016g16a-Sbkd35
77,Twinmos 8 Gb 1600 Mhz Ddr3 Mdd38gb1600d Pc Ram
251,Karcher Sc 3 Deluxe Anniversary Edition Buharlı Temizleyici
12,Hi-Level Ntb 4Gb 2666Mhz Ddr4 Hlv-Sopc21300d4-4G Notebook Ram
170,Sk Hynix Hma82gs6afr8n-Uh 16 Gb Pc4-19200 Ddr4 2400 Mhz Cl17 Laptop Ram
32,Hi-Level 4Gb 1600Mhz Ddr3 Pc12800d3-4G Kutulu Ram Pc Ram
182,Xaser Xs32s22s8/8 8Gb Ddr4 3200Mhz Cl22 Notebook Ram
18,Hı-Level 4Gb Ddr3 1333Mhz Pc Ram Value Hlv-Pc10600d3/4G
52,Kıngston 8Gb Ddr3 1600Mhz Cl11 Notebook Ram Value Kvr16ls11/8 1.35Volt (Low Voltage)
19,4Gb Kutulu Ddr3 1333Mhz Hlv-Pc10600d3-4G Hı-Level
104,Lenovo 32Gb 4X77a08633 Truddr4 3200Mhz 2Rx4 1.2V Rdımm Thınksystem
90,Kıngston 8Gb Ddr3 1600Mhz Cl11 Pc Ram Value Kvr16ln11/8Wp
266,Karcher 3 Serisi Easyfix Buharlı Foşur Foşur Temizlik Makinesi Ekstralı Ütü Başlıklı
155,Samsung 8 Gb Ram Laptop Sodımm M471b1g73qh0-Yk0 Pc3l-12800S 1600Mhz Ddr3
214,Karcher Sc 4 Deluxe Buharlı Temizlik Makinesi 15134600
80,Twinmos Mdd38gb1600d 8Gb Ddr3 1600Mhz Cl11 Masaüstü Bellek
239,"Karcher Sc 4 Easyfix Buharlı Temizlik Makinesi, 3,5 Bar, 75 M² Temizleme Alanı"
10,Hi-Level Hlv-Sopc21300d4/4G 4Gb Ddr4 2666Mhz Cl19 Notebook Bellek
199,Hp 4Gb 397413-B21 Pc2 5300F 2X2gb Kit Dl360 Dl380 G5 398707-051
249,Karcher Sc 3 Upright Buharlı Temizleyici
133,Samsung M471a5244cb0-Cwe 4Gb Ddr4 3200Mhz Cl22 Notebook Bellek
101,Kingston Kvr667d2s5/2G 2Gb 667 Mhz Ddr2 Sodımm Notebook Bellek
63,Twinmos Mdd3l8gb1600n 8 Gb Ddr3 1600 Mhz Cl11 Notebook Ram
88,Kingston 8Gb 1600Mhz Ddr3 Masaüstü Ram Cl11 1.35/1.5V Kvr16ln11/8Wp
259,Karcher Sc 3 Deluxe Anniversary Edition Buharlı Temizleyici
247,Karcher Sc 3 Upright Buharlı Temizlik Makinesi
258,Karcher Sc 3 Deluxe Anniversary Edition Buharlı Temizleyici
178,Team Group Elite 4Gb Ddrııı 1333Mhz Ted34096m1333hc9 Masaüstü Ram Bellek Kutusuz
74,Twinmos Ddr3 8Gb 1600Mhz 1.5V Mdd38gb1600d Desktop Pc Ram
122,Micron Mta8atf1g64hz-2G6e1 8 Gb Ddr4 2666 Mhz Cl19 Notebook Ram
150,Samsung 8Gb (Pc3l-12800) Ddr3l 1.35V 1600 204-Pin M471b1g73bh0-Yk0 Notebook Ram Bellek
141,Samsung M471b1g73eb0-Yk0 8 Gb Ddr3 1600 Mhz Cl11 Notebook Ram
187,Xpg 8Gb Ddr4 3200Mhz Cl16 Pc Ram Gammıx D35 Ax4u32008g16a-Sbkd35
85,Kingston 8Gb 1600 Ddr3l Kvr16ln11/8Wp
260,Karcher Sc 3 Deluxe Anniversary Edition Buharlı Temizleyici
44,Hi-Level Hlv-Pc17066d4-4G 4Gb Ddr4 2133Mhz Cl9 Masaüstü Bellek
75,8 Gb Ddr3 1600Mhz Twınmos 1.5 Dt Mdd38gb1600d
11,Hı-Level 4Gb Ddr4 2666Mhz Cl19 Notebook Ram Value Hlv-Sopc21300d4/4G
162,Samsung M471b5173qh0-Yk0 4Gb Ddr3 1600 Mhz Cl11 Notebook Ram
108,Lexar 16Gb Ddr4 3200Mhz Cl22 Pc Ram Value Ld4au016g-B3200gsst
35,Hı-Level 4Gb Ddr3 1600Mhz Pc Ram Value Hlv-Pc12800d3/4G 16Chipli
116,Mıcron Mt18jsf51272az-1G6m1zf Pc3l-12800E Ddr3 1600 4Gb 2Rx8 Ecc Server Ram Bellek
142,Samsung M471b1g73eb0-Yk0 8 Gb Ddr3 1600 Mhz Cl11 Notebook Ram
263,Karcher Sc 3 Easyfix Buharlı Temizlik Makinesi
71,Twinmos 8Gb Ddr3 1600Mhz (Mdd3l8gb1600n)(Nb)
123,Mt18ksf51272az-1G6k1zg Micron 4Gb Ddr3 Ecc Pc3-12800 1600Mhz 2Rx8  Server Ram Memory
5,Twınmos4 Gb Ddr3 1600Mhz 1.5 Nb Mdd34gb1600n
118,Micron 8Gb Ddr4 1Rx8 Pc4-2666V-Sa2 Mta8atf1g64hz-2G6d1 So-Dımm Dizüstü Bilgisayar Ram Belleği
82,Twinmos Mdd38gb1600d 8 Gb Ddr3 1600 Mhz Cl11 Ram
43,Hi-Level 4Gb Ddr4 Hlv-Pc17066d4-4G 2133Mhz Pc Bellek
33,Hi-Level 4Gb 1600Mhz Ddr3 Pc12800d3-4G Kutulu Pc Ram
165,Samsung M471b5273eb0-Yk0 4 Gb Ddr3 1600 Mhz Cl11 Notebook Ram
140,Samsung   8 Gb 3200 Mhz Ddr4 Notebook Ram M471a1k43eb1-Cwe
137,Samsung 4Gb Ddr4 3200Mhz Cl22 Notebook Ram M471a5244cb0-Cwe
21,4Gb Kutulu Ddr3 1333Mhz Hlv-Pc10600d3-4G Hı-Level
241,Karcher Sc 4 Easyfix Buharlı Temizlik Makinesi
245,Karcher Sc 3 Upright Buharlı Temizleyici
2,Twinmos 4Gb Ddr3 1600Mhz (Mdd3l4gb1600n)(Nb)
186,A-Data Ax4u32008g16a-Sbkd35 Ddr4 8Gb Ddr4 Xpg 3200Mhz Gammıx D35 Black
261,Karcher Sc 3 Easyfix 3.5 Bar 1900 W Buharlı Temizlik Makinesi - Beyaz
112,Lexar 32Gb Ddr4 3200Mhz Cl22 Pc Ram Value Ld4au032g-B3200gsst
171,Sk Hynix Hma82gs6cjr8n-Vk 16 Gb Pc4-21300 Ddr4 2666 Mhz Cl19 Laptop Ram
24,4Gb Kutulu Ddr3 1333Mhz Hlv-Pc10600d3-4G Hı-Level
224,Karcher Sc 4 Easyfix Buharlı Temizlik Makinesi
106,Lexar 16Gb Ddr4 3200Mhz Cl22 Pc Ram Value Ld4au016g-B3200gsst
246,Karcher Sc 3 Upright Easyfix 1600 W Dikey Buharlı Temizlik Makinesi
46,4Gb Kutulu Ddr4 2133Mhz Hlv-Pc17066d4-4G Hı-Level
23,4Gb Kutulu Ddr3 1333Mhz Hlv-Pc10600d3-4G Hı-Level
7,4 Gb Ddr3 1600Mhz Twınmos 1.5 Nb Mdd34gb1600n
236,Karcher Sc 4 Easyfix Buharlı Temizleyici
62,Twinmos 8 Gb Ddr3 1600 1.35 Pc Mdd3l8gb1600d
189,Xpg 8Gb Ddr4 3200Mhz Cl16 Pc Ram Gammıx D35 Ax4u32008g16a-Sbkd35
166,Samsung M471b5273eb0-Yk0 4 Gb Ddr3 1600 Mhz Cl11 Notebook Ram
152,Samsung   M471b1g73db0-Yk0 Uyumlu 8 Gb Ddr3 1600 Mhz Ram
59,Twınmos 8Gb Ddr3 1600Mhz Pc Ram Value Mdd3l8gb1600d
184,Xpg 16Gb Ddr4 3200Mhz Cl16 Pc Ram Gammıx D35 Ax4u320016g16a-Sbkd35
185,Xpg 16Gb Ddr4 3200Mhz Cl16 Pc Ram Gammıx D35 Ax4u320016g16a-Sbkd35
157,Samsung M471b5173bh0-Yk0 4 Gb Ddr3 1600 Mhz Cl11 Notebook Ram
89,Kıngston 8Gb Ddr3 1600Mhz Cl11 Pc Ram Value Kvr16ln11/8Wp
94,Twinmos Mdd38gb1600n 8Gb Ddr3 1600Mhz Cl11 Notebook Bellek
197,Xpg 16Gb Ddr5 6000Mhz Cl30 Rgb Pc Ram Lancer Ax5u6000c3016g-Clarbk
8,"Twinmos  Mdd34gb1600n, 4Gb, Ddr3, 1600Mhz, 1.5V Notebook Ram"
124,Oloy 8Gb Ddr4 3000Mhz C16 Owl Black Md4u0830162bhksa Soğutuculu Pc Ram
242,Karcher Sc 4 Easyfix 3.5 Bar 2000 W Buharlı Temizlik Makinesi - Beyaz (5 Yıl Garanti)
84,Twinmos 8Gb Ddr3 1600Mhz (Mdd38gb1600d)
160,Samsung M471b5173eb0-Yk0 4Gb Ddr3 1600 Mhz Sodımm Notebook Bellek Kutusuz
220,Karcher Sc 4 Easyfix Buharlı Temizlik Makinesi
151,Samsung M471b1g73db0-Yk0 8 Gb Ddr3 1600 Mhz Notebook Ram
196,Ax5u6000c3016g-Clarbk Xpg Lancer Siyah Rgb Ddr5-6000Mhz Cl30 16Gb (1X16gb) Single (30-40-40) 1.35V
3,"Twinmos  Mdd3l4gb1600n, 4Gb, Ddr3, 1600Mhz, 1.35V Notebook Ram"
97,Kingston 8Gb 2666Mhz Ddr4 Non-Ecc Cl19 Dımm 1Rx8
156,Samsung M471b1g73qh0-Yk0 8 Gb Ddr3 1600 Mhz Pc3l C11 Notebook Ram
168,Sk Hynıx Hmt351u7efr8a-Pb 4Gb Pc3l-12800E Ddr3-1600 2Rx8 240 Pın Ecc Server Ram
56,8 Gb Ddr3 1600 Twınmos 1.35 Dt Mdd3l8gb1600d
130,Samsung 16 Gb 3200 Mhz Cl22 M471a2k43eb1-Cwe Ddr4 Notebook Ram
60,Twinmos  8Gb 1600Mhz Ddr3 1.35V Pc Ram Mdd3l8gb1600d
256,Karcher Sc 3 Deluxe Buharlı Temizleme Makinesi
76,Twınmos 8Gb Ddr3 1600Mhz Pc Ram Value Mdd38gb1600d 1.5V
51,Kingston Kvr16ls11/8 8 Gb Ddr3l 1600 Mhz Sodımm Notebook Ram
254,Karcher Sc 3 Deluxe Buharlı Temizlik Makinesi
128,Ramaxel Rmsa3260mb78haf-2400 8Gb Ddr4 2400Mhz Sodimm Notebook Ram
164,Samsung   M471b5273dh0-Yk0 4 Gb Ddr3l 1600 Mhz Cl11 Notebook Ram
13,Hi-Level Hlv-Pc21300d4/4G 4Gb Ddr4 2666Mhz Cl9 Masaüstü Bellek
244,Karcher Sc 3 Upright Easyfix Buharlı Temizlik Makinesi - 15133000
154,Samsung   8Gb Ddr3l 1600 Mhz Notebook Ram Bellek - M471b1g73qh0-Yk0 - 1.35V
139,Samsung M471a1k43eb1-Cwe 8 Gb Ddr4 3200 Mhz Cl22 Notebook Ram
55,Twinmos 8Gb Ddr3 1600Mhz (Mdd3l8gb1600d)
222,Karcher 4 Serisi  Easyfix Beyaz Buharlı Foşur Foşur Temizlik Makinesi Ekstralı Ütü Başlıklı
87,Kıngston 8Gb Ddr3 1600Mhz Cl11 Pc Ram Value Kvr16ln11/8Wp
177,Team 32Gb Ddr5 4800Mhz Cl40 Dual Kıt Notebook Ram Ted532g4800c40d-S01
169,Sk Hynix Hmaa1gs6cjr6n-Xn 8 Gb Ddr4 3200 Mhz Cl16 Notebook Ram
200,Altus Al-738 B El Blender Set
93,Twinmos 8 Gb Ddr3 1600 1.5 Nb Mdd38gb1600n
253,Karcher Sc 3 Deluxe Textile Edition Buharlı Temizleyici
126,"Prımecom 4Gb Ddr3 1600Mhz Pc Ram 1,35V Pcr-D34g16m"
103,Lenovo 16Gb  4X77a77495 Truddr4 3200Mhz 2Rx8 1.2V Ecc Udımm Thınksystem
229,"Karcher Sc 4 Easyfix Buharlı Temizlik Makinesi, 3,5 Bar, 75 M² Temizleme Alanı"
67,Twinmos 8Gb Ddr3 1600Mhz Cl16 1.35V Low Volt.mdd3l8gb1600n Notebook Ram
255,Karcher Sc 3 Deluxe
49,Kıngston 8Gb Ddr3 1600Mhz Cl11 Notebook Ram Value Kvr16ls11/8 1.35Volt (Low Voltage)
252,Karcher Sc 3 Deluxe Buharlı Temizleyici
28,Hı-Level 4Gb Ddr3 1600Mhz Pc Ram Value Hlv-Pc12800d3/4G 1.35V
121,Micron Mta8atf1g64hz-2G3h1r Non Ecc Pc4-19200 2400Mhz 8Gb 1.2V Ddr4 Sodimm Laptop Memory
240,Karcher Sc 4 Easyfix Buharlı Temizleyici
230,Karcher Sc 4 Easyfix Beyaz Buharlı Temizlik Makinesi
209,Karcher Sc 4 Deluxe Buharlı Temizleyici
228,Karcher Sc 4 Easyfix Buharlı Temizleyici
78,Twinmos 8 Gb Ddr3 1600 1.5 Pc Mdd38gb1600d
37,Hı-Level 4Gb Ddr3 1600Mhz Pc Ram Value Hlv-Pc12800d3/4G 1.35V
227,Karcher Sc 4 Easyfix Buharlı Temizlik Makinesi Beyaz 15126300
58,Twınmos 8Gb Ddr3 1600Mhz Pc Ram Value Mdd3l8gb1600d
226,Karcher Sc4 Easyfıx Buharlı Temızlık Mak
215,Karcher Sc 4 Deluxe Buharlı Temizlik Makinesi
64,8 Gb Ddr3 1600 Twınmos 1.35 Nb Mdd3l8gb1600n
212,Karcher Sc 4 Deluxe Buharlı Temizleyici
22,Hi-Level 4Gb 1333Mhz Ddr3 Pc10600d3-4G Kutulu Pc Ram
26,Hi-Level 4Gb Kutulu Ddr3 1600Mhz Hlv-Pc12800d3/4G
120,Micron Mt16jsf51264hz-1G4d1 4 Gb Ddr3 1333 Mhz Cl9 Notebook Ram
145,Samsung   M471a1k43cb1-Ctd 8 Gb Ddr4 2666 Mhz Cl19 Notebook Ram - Bellek
125,Patriot Sector5 4Gb (2X2gb) Pc3-12800 1600Mhz Ddr3 Pgv34g1600elk Masaüstü Ram Bellek
79,Twinmos Ddr3 8Gb 1600Mhz 1.5V Mdd38gb1600d Desktop Pc Ram
6,4 Gb Ddr3 1600Mhz Twınmos 1.5 Nb Mdd34gb1600n
181,Transcend 8Gb Ddr3 1600Mhz Cl11 Masaüstü Belleği
20,4Gb Kutulu Ddr3 1333Mhz Hlv-Pc10600d3-4G Hı-Level
81,8 Gb Ddr3 1600Mhz Twınmos 1.5 Dt Mdd38gb1600d
115,Samsung M391b5173qh0-Yk0q 4Gb 1Rx8 Pc3l-12800E
143,Samsung M425r1gb4bb0-Cqkol 8Gb Ddr5 5600Mhz Cl40 Notebook Bellek
66,Twinmos 8Gb Ddr3 1600Mhz Cl16 1.35V Low Volt.mdd3l8gb1600n Notebook Ram
